order,seasonal_order,AIC,BIC
"(1, 0, 1)","(1, 0, 1, 24)",5286.913124951558,5336.847612811898
"(1, 0, 1)","(1, 0, 0, 24)",5293.007263921279,5338.803726765661
"(1, 0, 0)","(1, 0, 0, 24)",5332.071596903286,5373.704744943632
"(1, 0, 0)","(1, 0, 1, 24)",5332.489372542732,5378.285835387113
"(0, 0, 1)","(1, 0, 0, 24)",5396.753959156571,5438.408137698885
"(0, 0, 1)","(1, 0, 1, 24)",5408.565039015942,5454.3383195545875
"(1, 0, 1)","(0, 0, 1, 24)",5444.950234611496,5490.723515150142
"(1, 0, 0)","(0, 0, 1, 24)",5498.740025958209,5540.373173998555
"(0, 0, 1)","(0, 0, 1, 24)",5543.0578705761545,5584.669943793106
"(0, 0, 0)","(1, 0, 0, 24)",5638.9545486699335,5676.443309358016
"(0, 0, 0)","(1, 0, 1, 24)",5648.130338832307,5689.763486872653
"(0, 0, 0)","(0, 0, 1, 24)",5838.3725607457245,5875.842393982036
"(1, 0, 1)","(0, 0, 0, 24)",5981.881082020999,6023.9870827912455
"(1, 0, 0)","(0, 0, 0, 24)",6076.155157300713,6114.068612162477
"(0, 0, 1)","(0, 0, 0, 24)",6085.295443281333,6123.190843974555
"(0, 0, 0)","(0, 0, 0, 24)",6454.307052275947,6488.0079010419595
